City_ID,City,Country,Date,Lat,Lng,Max Temp,Humidity,Cloudiness,Wind Speed
0,Rikitea,PF,2022-11-10 18:43:13,-23.1203,-134.9692,72.25,88,97,12.39
1,Tskaltubo,GE,2022-11-10 18:43:14,42.3254,42.5979,50.94,87,40,4.61
2,Ponta Do Sol,PT,2022-11-10 18:43:14,32.6667,-17.1,70.72,84,78,3.91
3,Port Alfred,ZA,2022-11-10 18:43:15,-33.5906,26.891,62.19,82,100,8.01
4,Faanui,PF,2022-11-10 18:43:16,-16.4833,-151.75,78.85,79,26,10.27
5,Sao Mateus,BR,2022-11-10 18:43:17,-18.7161,-39.8589,82.33,66,100,8.61
6,Ushuaia,AR,2022-11-10 18:43:17,-54.8,-68.3,51.42,46,0,10.36
7,Atuona,PF,2022-11-10 18:43:17,-9.8,-139.0333,77.61,80,11,12.73
8,Punta Arenas,CL,2022-11-10 18:42:21,-53.15,-70.9167,55.51,41,0,20.71
9,Kapaa,US,2022-11-10 18:43:18,22.0752,-159.319,78.1,80,40,8.05
10,Nikolskoye,RU,2022-11-10 18:43:19,59.7035,30.7861,48.79,92,100,6.53
11,Tombouctou,ML,2022-11-10 18:43:19,20.0,-3.0,78.24,9,0,6.78
12,Hobart,AU,2022-11-10 18:40:18,-42.8794,147.3294,63.27,88,100,5.75
13,Bredasdorp,ZA,2022-11-10 18:43:20,-34.5322,20.0403,61.12,77,4,19.93
14,Iskateley,RU,2022-11-10 18:43:21,67.6803,53.1512,27.36,98,100,5.66
15,Hualmay,PE,2022-11-10 18:43:22,-11.0964,-77.6139,68.79,72,14,12.12
16,Muros,ES,2022-11-10 18:43:22,42.7762,-9.0603,60.1,91,46,6.24
17,New Norfolk,AU,2022-11-10 18:43:23,-42.7826,147.0587,62.92,75,100,2.75
18,Mayo,US,2022-11-10 18:43:23,38.8876,-76.5119,73.15,70,96,3.0
19,Berlevag,NO,2022-11-10 18:43:24,70.8578,29.0864,33.8,75,0,6.91
20,Hilo,US,2022-11-10 18:43:24,19.7297,-155.09,79.61,72,0,4.61
21,Alyangula,AU,2022-11-10 18:43:25,-13.8483,136.4192,82.11,73,2,6.67
22,Weiser,US,2022-11-10 18:40:06,44.251,-116.9693,33.78,75,6,3.0
23,Vostok,RU,2022-11-10 18:43:26,46.4856,135.8833,20.21,61,5,3.98
24,Barnstaple,GB,2022-11-10 18:43:26,51.0802,-4.0581,57.2,88,100,21.9
25,San Patricio,US,2022-11-10 18:43:27,28.017,-97.5169,84.07,51,3,8.84
26,Mataura,NZ,2022-11-10 18:43:28,-46.1927,168.8643,52.99,76,0,1.99
27,Kamphaeng Phet,TH,2022-11-10 18:43:28,16.25,99.5,69.4,83,100,4.18
28,Wadi Musa,JO,2022-11-10 18:43:29,30.3222,35.4793,56.8,59,0,4.7
29,Rabo De Peixe,PT,2022-11-10 18:42:11,37.8,-25.5833,66.27,97,75,24.16
30,Alekseyevsk,RU,2022-11-10 18:43:29,57.8406,108.3492,22.84,93,100,10.11
31,Cape Town,ZA,2022-11-10 18:41:53,-33.9258,18.4232,70.21,56,0,9.22
32,Avarua,CK,2022-11-10 18:43:30,-21.2078,-159.775,75.25,73,75,12.66
33,Moura,PT,2022-11-10 18:40:49,38.1401,-7.4486,66.31,54,0,7.74
34,Andreapol,RU,2022-11-10 18:43:31,56.6513,32.2664,44.06,97,100,5.28
35,Maldonado,UY,2022-11-10 18:43:31,-34.6667,-54.9167,81.79,37,91,10.2
36,Vila Franca Do Campo,PT,2022-11-10 18:43:31,37.7167,-25.4333,67.19,87,95,12.88
37,Puerto Ayora,EC,2022-11-10 18:43:32,-0.7393,-90.3518,75.16,83,41,8.99
38,Chuy,UY,2022-11-10 18:43:33,-33.6971,-53.4616,71.17,61,89,10.69
39,Vaini,TO,2022-11-10 18:43:33,-21.2,-175.2,76.66,90,100,23.38
40,Victoria,HK,2022-11-10 18:43:29,22.2855,114.1577,77.38,86,3,4.0
41,Challans,FR,2022-11-10 18:43:34,46.8436,-1.8749,53.96,88,100,8.93
42,Tame,CO,2022-11-10 18:43:34,6.461,-71.73,87.19,59,90,2.26
43,Albany,US,2022-11-10 18:40:00,42.6001,-73.9662,64.22,49,0,1.01
44,Nouadhibou,MR,2022-11-10 18:43:35,20.931,-17.0347,71.58,78,46,10.36
45,Paamiut,GL,2022-11-10 18:43:35,61.994,-49.6678,19.15,71,31,7.61
46,Touros,BR,2022-11-10 18:44:36,-5.1989,-35.4608,81.9,62,97,15.32
47,Pyatnitskoye,RU,2022-11-10 18:44:36,50.4233,37.8273,38.89,89,26,6.44
48,Butaritari,KI,2022-11-10 18:44:37,3.0707,172.7902,81.0,78,84,21.68
49,Visnes,NO,2022-11-10 18:44:37,59.3556,5.2242,55.45,88,75,24.16
50,Coolum Beach,AU,2022-11-10 18:44:38,-26.5333,153.1,59.11,94,100,5.44
51,Manthani,IN,2022-11-10 18:44:38,18.65,79.6667,67.21,66,100,1.97
52,Mar Del Plata,AR,2022-11-10 18:44:39,-38.0023,-57.5575,81.82,78,0,20.0
53,Fortuna,US,2022-11-10 18:42:55,40.5982,-124.1573,52.93,92,0,6.91
54,Carnarvon,AU,2022-11-10 18:44:40,-24.8667,113.6333,66.69,72,0,17.4
55,Castro,BR,2022-11-10 18:44:40,-24.7911,-50.0119,78.44,36,5,4.7
56,Flinders,AU,2022-11-10 18:44:41,-34.5833,150.8552,59.18,82,96,7.0
57,Lagoa,PT,2022-11-10 18:44:42,39.05,-27.9833,60.42,66,100,21.7
58,Andover,GB,2022-11-10 18:41:04,51.2083,-1.4825,58.55,80,100,17.27
59,Oksfjord,NO,2022-11-10 18:44:43,70.2396,22.3479,35.78,92,54,8.88
60,Ritto,JP,2022-11-10 18:44:43,35.0366,135.9801,54.12,78,2,0.83
61,Nyazepetrovsk,RU,2022-11-10 18:44:44,56.0531,59.6028,32.65,98,100,5.12
62,Kavaratti,IN,2022-11-10 18:44:45,10.5669,72.642,82.6,69,2,6.11
63,Hambantota,LK,2022-11-10 18:44:45,6.1241,81.1185,75.54,100,20,2.3
64,Provideniya,RU,2022-11-10 18:44:46,64.3833,-173.3,19.35,88,54,7.52
65,Cherskiy,RU,2022-11-10 18:44:46,68.75,161.3,-1.21,98,100,5.99
66,Paita,PE,2022-11-10 18:40:40,-5.0892,-81.1144,69.8,71,76,18.34
67,Wad Rawah,SD,2022-11-10 18:44:46,15.1603,33.1397,79.68,20,5,10.45
68,Qaanaaq,GL,2022-11-10 18:44:47,77.484,-69.3632,-9.26,60,0,7.7
69,Egvekinot,RU,2022-11-10 18:44:48,66.3167,-179.1667,5.11,95,100,5.35
70,Brae,GB,2022-11-10 18:44:48,60.3964,-1.353,55.49,90,100,36.91
71,Guerrero Negro,MX,2022-11-10 18:44:49,27.9769,-114.0611,66.69,50,100,13.11
72,Vao,NC,2022-11-10 18:44:49,-22.6667,167.4833,72.5,76,27,13.82
73,Japura,ID,2022-11-10 18:44:50,-0.3167,102.35,72.79,99,100,2.06
74,Busselton,AU,2022-11-10 18:44:51,-33.65,115.3333,53.1,80,49,15.68
75,Luyang,CN,2022-11-10 18:44:51,27.6239,110.0989,71.37,58,72,1.81
76,Lebu,CL,2022-11-10 18:44:52,-37.6167,-73.65,57.56,90,100,11.79
77,Iqaluit,CA,2022-11-10 18:44:53,63.7506,-68.5145,2.93,72,75,18.41
78,Yangjiang,CN,2022-11-10 18:44:53,21.85,111.9667,69.96,94,6,0.92
79,Bambous Virieux,MU,2022-11-10 18:44:53,-20.3428,57.7575,74.21,78,40,3.44
80,Hay River,CA,2022-11-10 18:44:54,60.8156,-115.7999,1.38,71,40,2.3
81,Hermanus,ZA,2022-11-10 18:44:54,-34.4187,19.2345,61.81,77,1,17.34
82,Hami,CN,2022-11-10 18:44:55,42.8,93.45,36.7,37,15,8.16
83,Padang,ID,2022-11-10 18:43:50,-0.9492,100.3543,76.82,90,100,4.65
84,Fremont,US,2022-11-10 18:42:40,37.5483,-121.9886,57.43,69,0,10.36
85,Xiongyue,CN,2022-11-10 18:44:56,40.1774,122.1228,52.61,89,67,7.78
86,Freeport,US,2022-11-10 18:44:56,40.6576,-73.5832,68.47,62,0,12.66
87,Hithadhoo,MV,2022-11-10 18:44:57,-0.6,73.0833,81.93,73,39,13.53
88,Georgetown,MY,2022-11-10 18:41:56,5.4112,100.3354,78.73,93,40,9.22
89,Pechenga,RU,2022-11-10 18:44:58,69.5259,31.1703,27.21,95,94,6.02
90,Almeirim,BR,2022-11-10 18:45:58,-1.5233,-52.5817,91.8,36,27,5.48
91,Clyde,US,2022-11-10 18:45:59,41.3042,-82.9752,73.9,36,5,14.54
92,Bluff,NZ,2022-11-10 18:45:59,-46.6,168.3333,51.01,77,0,5.73
93,Vanimo,PG,2022-11-10 18:45:59,-2.6741,141.3028,77.56,90,100,4.32
94,Harwich,GB,2022-11-10 18:46:00,51.9419,1.2844,57.36,78,94,10.0
95,Severo-Kurilsk,RU,2022-11-10 18:46:00,50.6789,156.125,34.63,97,100,47.67
96,Sokoni,TZ,2022-11-10 18:46:01,-6.4333,39.55,78.39,84,47,10.8
97,Dikson,RU,2022-11-10 18:46:01,73.5069,80.5464,1.09,93,83,12.01
98,Bereda,ES,2022-11-10 18:46:02,43.2686,-7.5406,56.41,100,85,0.34
99,Hof,DE,2022-11-10 18:46:03,50.3167,11.9167,46.72,89,0,9.22
100,George Town,MY,2022-11-10 18:45:12,5.4112,100.3354,78.73,93,40,7.0
101,Hervey Bay,AU,2022-11-10 18:46:03,-25.2986,152.8535,64.78,73,6,8.1
102,Whyalla,AU,2022-11-10 18:46:04,-33.0333,137.5833,62.87,71,66,7.7
103,Tuktoyaktuk,CA,2022-11-10 18:46:04,69.4541,-133.0374,15.8,86,75,10.36
104,Batagay-Alyta,RU,2022-11-10 18:46:05,67.8006,130.4114,-19.03,90,95,2.44
105,Chifeng,CN,2022-11-10 18:46:06,42.2683,118.9636,40.78,78,14,5.7
106,Shingu,JP,2022-11-10 18:46:06,33.7333,135.9833,56.61,74,6,4.9
107,Sabang,ID,2022-11-10 18:46:07,5.8933,95.3214,80.78,75,100,5.41
108,Isangel,VU,2022-11-10 18:46:08,-19.55,169.2667,77.38,88,13,5.21
109,San Quintin,MX,2022-11-10 18:46:08,30.4833,-115.95,63.0,49,0,6.89
110,Imbituba,BR,2022-11-10 18:46:09,-28.24,-48.6703,70.14,66,7,4.41
111,Tayoltita,MX,2022-11-10 18:46:09,24.0833,-105.9333,81.34,30,4,7.2
112,Cayenne,GF,2022-11-10 18:46:10,4.9333,-52.3333,78.84,89,39,3.44
113,Port-Gentil,GA,2022-11-10 18:46:10,-0.7193,8.7815,75.16,94,40,1.14
114,Barrow,US,2022-11-10 18:46:11,71.2906,-156.7887,21.22,86,100,18.41
115,Chokurdakh,RU,2022-11-10 18:46:11,70.6333,147.9167,-16.17,100,100,8.5
116,Harboore,DK,2022-11-10 18:46:12,56.6175,8.1807,55.15,93,100,27.4
117,Dingle,PH,2022-11-10 18:46:13,10.9995,122.6711,77.31,87,100,7.38
118,Hobyo,SO,2022-11-10 18:46:13,5.3505,48.5268,80.42,70,73,10.87
119,Khatanga,RU,2022-11-10 18:46:14,71.9667,102.5,-4.76,98,100,10.6
120,Balykshi,KZ,2022-11-10 18:46:14,47.0667,51.8667,37.4,87,75,6.71
121,Wokha,IN,2022-11-10 18:46:15,26.1,94.2667,49.24,98,14,3.27
122,Dongsheng,CN,2022-11-10 18:46:16,39.8161,109.9776,47.66,95,100,8.75
123,General Roca,AR,2022-11-10 18:46:16,-39.0333,-67.5833,77.63,40,10,1.99
124,Pombia,IT,2022-11-10 18:46:17,45.653,8.6336,54.25,94,2,2.3
125,Mana,GF,2022-11-10 18:46:17,5.6592,-53.7767,82.31,77,77,9.26
126,Yeppoon,AU,2022-11-10 18:46:18,-23.1333,150.7333,64.18,70,15,10.07
127,Laela,TZ,2022-11-10 18:46:19,-8.5667,32.05,65.05,79,100,4.59
128,Pasco,US,2022-11-10 18:46:19,28.292,-82.4165,71.19,73,100,14.0
129,El Chol,GT,2022-11-10 18:46:21,14.9642,-90.4806,79.7,63,45,3.58
130,Itarema,BR,2022-11-10 18:46:22,-2.9248,-39.9167,84.02,61,95,16.49
131,Hirara,JP,2022-11-10 18:46:23,24.8,125.2833,77.92,84,2,16.84
132,Pangnirtung,CA,2022-11-10 18:46:23,66.1451,-65.7125,6.8,78,75,12.66
133,Sorong,ID,2022-11-10 18:46:23,-0.8833,131.25,79.32,83,100,4.18
134,Rorvik,NO,2022-11-10 18:46:24,64.8621,11.2373,44.71,87,75,17.27
135,Flin Flon,CA,2022-11-10 18:46:25,54.7682,-101.865,10.24,79,75,8.05
136,Omsukchan,RU,2022-11-10 18:46:26,62.5333,155.8,-19.8,99,100,4.92
137,Kigoma,TZ,2022-11-10 18:47:27,-4.8769,29.6267,73.83,77,67,1.59
138,Ayr,GB,2022-11-10 18:47:27,55.4627,-4.6339,60.69,82,40,25.32
139,Takoradi,GH,2022-11-10 18:47:27,4.8845,-1.7554,78.85,83,100,9.44
140,Jamestown,US,2022-11-10 18:45:33,42.097,-79.2353,69.39,30,0,16.11
141,Springbok,ZA,2022-11-10 18:47:29,-29.6643,17.8865,58.23,56,0,5.84
142,Tiksi,RU,2022-11-10 18:47:29,71.6872,128.8694,-7.11,96,100,4.99
143,Poltavka,RU,2022-11-10 18:47:30,54.3663,71.7632,29.61,97,99,11.14
144,Airai,TL,2022-11-10 18:47:30,-8.9266,125.4092,60.76,89,96,1.59
145,Cabo San Lucas,MX,2022-11-10 18:47:30,22.8909,-109.9124,83.17,66,57,7.54
146,Saint Anthony,US,2022-11-10 18:45:50,45.0205,-93.218,67.24,87,100,16.11
147,Husavik,IS,2022-11-10 18:47:31,66.0449,-17.3389,41.7,97,100,23.51
148,Buenavista,PH,2022-11-10 18:47:31,8.9769,125.4089,75.34,90,97,5.82
149,Saskylakh,RU,2022-11-10 18:47:32,71.9167,114.0833,-25.6,100,58,4.07
150,Iralaya,HN,2022-11-10 18:47:32,15.0,-83.2333,83.7,63,22,10.78
151,Great Falls,US,2022-11-10 18:47:33,47.5002,-111.3008,6.19,78,0,4.61
152,Erenhot,CN,2022-11-10 18:47:33,43.6475,111.9767,43.23,50,100,7.87
153,Norman Wells,CA,2022-11-10 18:47:34,65.282,-126.8329,8.64,78,40,2.3
154,Anzio,IT,2022-11-10 18:47:34,41.4853,12.6179,65.32,96,100,3.98
155,Northam,GB,2022-11-10 18:47:34,51.0333,-4.2167,57.38,88,100,22.12
156,Henties Bay,NA,2022-11-10 18:47:35,-22.116,14.2845,59.81,87,0,8.99
157,Sotnikovskoye,RU,2022-11-10 18:47:35,45.0039,43.7772,47.34,85,100,9.6
158,Bud,US,2022-11-10 18:47:36,39.447,-86.1758,74.41,45,73,9.89
159,Lorengau,PG,2022-11-10 18:47:36,-2.0226,147.2712,79.99,79,100,2.28
160,Pasni,PK,2022-11-10 18:47:37,25.2631,63.471,79.43,77,0,5.99
161,Kahului,US,2022-11-10 18:47:37,20.8947,-156.47,78.84,63,20,11.01
162,Fuling,CN,2022-11-10 18:47:38,29.7022,107.3919,68.68,67,71,2.8
163,Ballina,AU,2022-11-10 18:47:38,-28.8667,153.5667,57.02,98,5,5.7
164,Harper,LR,2022-11-10 18:47:39,4.375,-7.7169,78.28,81,17,7.67
165,Saldanha,ZA,2022-11-10 18:47:40,-33.0117,17.9442,66.25,82,0,6.69
166,Kavieng,PG,2022-11-10 18:47:40,-2.5744,150.7967,81.34,77,100,4.97
167,Bar Harbor,US,2022-11-10 18:47:41,44.3876,-68.2039,61.54,69,0,12.66
168,Ukiah,US,2022-11-10 18:47:42,39.1502,-123.2078,54.66,73,0,1.23
169,Dabou,CI,2022-11-10 18:47:42,5.3256,-4.3769,78.53,84,64,9.33
170,Ostrovnoy,RU,2022-11-10 18:47:42,68.0531,39.5131,34.65,91,100,5.59
171,Inhambane,MZ,2022-11-10 18:47:43,-23.865,35.3833,78.78,83,40,8.05
172,Kodiak,US,2022-11-10 18:47:43,57.79,-152.4072,36.91,48,0,6.91
173,Santa Barbara,US,2022-11-10 18:47:44,34.7333,-120.0343,58.78,59,0,0.0
174,Mount Gambier,AU,2022-11-10 18:47:44,-37.8333,140.7667,57.11,94,100,4.61
175,Burnie,AU,2022-11-10 18:47:45,-41.0667,145.9167,61.95,97,100,1.45
176,Yulara,AU,2022-11-10 18:47:45,-25.2406,130.9889,79.18,36,6,11.7
177,Haines Junction,CA,2022-11-10 18:47:46,60.7522,-137.5108,17.55,86,100,2.3
178,Miramar,US,2022-11-10 18:47:46,25.9873,-80.2323,87.03,69,40,17.27
179,Aykhal,RU,2022-11-10 18:47:47,66.0,111.5,-11.49,100,100,6.73
180,Miasskoye,RU,2022-11-10 18:47:47,55.2784,61.8905,36.48,99,100,4.38
181,Kaitangata,NZ,2022-11-10 18:47:48,-46.2817,169.8464,49.89,82,1,2.68
182,Kutum,SD,2022-11-10 18:47:49,14.2,24.6667,70.88,20,2,10.02
183,Yamada,JP,2022-11-10 18:48:49,39.4667,141.95,51.39,82,71,7.47
184,Mount Isa,AU,2022-11-10 18:48:50,-20.7333,139.5,69.57,100,6,0.0
185,Bacolod,PH,2022-11-10 18:48:51,10.6667,122.95,78.66,80,100,7.92
186,Neiafu,TO,2022-11-10 18:48:51,-18.65,-173.9833,75.88,100,100,11.5
187,Leh,IN,2022-11-10 18:48:51,34.1667,77.5833,22.69,54,44,2.01
188,Xihua,CN,2022-11-10 18:48:52,33.7833,114.5167,59.94,79,91,8.63
189,Namatanai,PG,2022-11-10 18:48:52,-3.6667,152.4333,79.25,83,91,5.28
190,Stanghelle,NO,2022-11-10 18:48:53,60.5528,5.7357,55.92,97,100,11.01
191,Menongue,AO,2022-11-10 18:48:53,-14.6585,17.691,70.86,62,100,8.97
192,Kindu,CD,2022-11-10 18:48:54,-2.95,25.95,68.94,97,53,2.48
193,Khorramshahr,IR,2022-11-10 18:48:55,30.4397,48.1664,78.76,73,75,6.91
194,Herat,AF,2022-11-10 18:48:56,34.5,62.0,49.32,53,18,7.27
195,Zory,PL,2022-11-10 18:46:54,50.0452,18.7006,47.55,94,83,4.03
196,East London,ZA,2022-11-10 18:48:56,-33.0153,27.9116,61.74,88,20,14.97
197,Waingapu,ID,2022-11-10 18:48:57,-9.6567,120.2641,80.49,80,100,2.33
198,Tasiilaq,GL,2022-11-10 18:48:57,65.6145,-37.6368,35.76,83,100,29.26
199,Pafos,CY,2022-11-10 18:46:34,34.7667,32.4167,62.38,63,20,9.22
200,Alappuzha,IN,2022-11-10 18:48:58,9.49,76.3264,78.01,77,100,1.07
201,Olafsvik,IS,2022-11-10 18:48:59,64.8945,-23.7142,40.64,92,100,37.07
202,Port Elizabeth,ZA,2022-11-10 18:48:59,-33.918,25.5701,64.09,79,100,12.66
203,Kruisfontein,ZA,2022-11-10 18:48:59,-34.0033,24.7314,61.88,76,95,16.49
204,Badarwas,IN,2022-11-10 18:49:00,24.9667,77.5667,68.09,60,1,6.11
205,Narsaq,GL,2022-11-10 18:49:00,60.9167,-46.05,28.62,96,100,2.66
206,Nome,US,2022-11-10 18:46:52,64.5011,-165.4064,26.67,86,100,8.05
207,Ribeira Grande,PT,2022-11-10 18:49:01,38.5167,-28.7,59.77,82,75,12.66
208,Antofagasta,CL,2022-11-10 18:49:02,-23.65,-70.4,65.48,66,96,8.5
209,Los Llanos De Aridane,ES,2022-11-10 18:49:02,28.6585,-17.9182,69.55,87,40,5.75
210,Pevek,RU,2022-11-10 18:49:02,69.7008,170.3133,-4.38,98,100,3.62
211,Khasan,RU,2022-11-10 18:49:03,42.4308,130.6434,44.33,66,25,4.23
212,Samoylovka,RU,2022-11-10 18:49:04,51.184,43.7081,38.88,92,100,7.36
213,Bilibino,RU,2022-11-10 18:49:04,68.0546,166.4372,0.34,99,100,3.2
214,Pokrovsk,UA,2022-11-10 18:48:11,48.282,37.1758,41.31,89,41,6.96
215,Maniitsoq,GL,2022-11-10 18:49:05,65.4167,-52.9,20.25,53,100,3.98
216,Kieta,PG,2022-11-10 18:49:05,-6.2167,155.6333,79.05,82,66,1.97
217,Lamu,KE,2022-11-10 18:49:06,-2.2717,40.902,80.82,86,26,10.51
218,Torbay,CA,2022-11-10 18:49:06,47.6666,-52.7314,44.58,88,100,5.99
219,Valparaiso,CL,2022-11-10 18:46:59,-33.0393,-71.6273,66.43,86,100,11.5
220,Kuching,MY,2022-11-10 18:49:07,1.55,110.3333,73.62,100,20,0.0
221,Coihaique,CL,2022-11-10 18:49:07,-45.5752,-72.0662,61.41,55,75,3.44
222,Kuhdasht,IR,2022-11-10 18:48:28,33.535,47.6061,60.58,48,100,3.06
223,Mezen,RU,2022-11-10 18:49:08,65.8522,44.24,31.98,99,100,2.66
224,Ilulissat,GL,2022-11-10 18:49:09,69.2167,-51.1,15.82,73,75,11.5
225,Katherine,AU,2022-11-10 18:49:09,-14.4667,132.2667,77.32,88,86,6.91
226,Geraldton,AU,2022-11-10 18:49:09,-28.7667,114.6,59.41,94,75,9.22
227,Coquimbo,CL,2022-11-10 18:49:10,-29.9533,-71.3436,65.93,59,75,14.97
228,Lowestoft,GB,2022-11-10 18:49:10,52.4752,1.7516,57.45,85,69,21.12
229,Duxbury,US,2022-11-10 18:48:08,42.0418,-70.6723,70.0,56,0,20.71
230,Richards Bay,ZA,2022-11-10 18:50:11,-28.783,32.0377,68.88,85,98,4.34
231,Opuwo,NA,2022-11-10 18:50:11,-18.0607,13.84,70.27,37,54,12.01
232,Sampit,ID,2022-11-10 18:50:12,-2.5333,112.95,74.39,98,100,2.17
233,Belmonte,BR,2022-11-10 18:50:13,-15.8631,-38.8828,80.85,69,41,7.63
234,Namibe,AO,2022-11-10 18:50:14,-15.1961,12.1522,67.19,75,7,13.02
235,Broome,US,2022-11-10 18:50:14,42.2506,-75.833,66.61,54,0,11.99
236,Muslyumovo,RU,2022-11-10 18:50:15,55.3033,53.1947,38.32,99,100,8.81
237,Calamar,CO,2022-11-10 18:50:15,10.2511,-74.9146,85.89,64,100,3.42
238,Sassandra,CI,2022-11-10 18:50:16,4.95,-6.0833,77.88,83,71,6.85
239,Laguna,US,2022-11-10 18:50:17,38.421,-121.4238,57.63,71,0,8.05
240,Camacupa,AO,2022-11-10 18:50:18,-12.0167,17.4833,63.14,80,86,4.41
241,Longyearbyen,SJ,2022-11-10 18:49:12,78.2186,15.6401,28.24,74,75,14.97
242,Yining,CN,2022-11-10 18:50:19,29.0361,114.5636,66.79,73,19,2.59
243,Gobabis,NA,2022-11-10 18:50:19,-22.45,18.9667,73.87,45,100,13.58
244,Tezu,IN,2022-11-10 18:50:20,27.9167,96.1667,63.43,47,0,4.61
245,Walvis Bay,NA,2022-11-10 18:50:20,-22.9575,14.5053,61.75,82,0,10.36
246,Bama,NG,2022-11-10 18:50:21,11.5221,13.6856,78.46,25,89,8.75
247,Fairbanks,US,2022-11-10 18:47:46,64.8378,-147.7164,21.22,90,100,4.61
248,Sivaki,RU,2022-11-10 18:50:21,52.6333,126.75,10.6,90,90,2.68
249,Kawalu,ID,2022-11-10 18:50:22,-7.3817,108.2082,71.64,98,99,0.74
250,Alice Springs,AU,2022-11-10 18:50:23,-23.7,133.8833,72.95,56,22,0.0
251,Daru,PG,2022-11-10 18:50:24,-9.0763,143.2092,80.47,69,100,11.52
252,Port Hedland,AU,2022-11-10 18:50:25,-20.3167,118.5667,69.85,78,0,11.5
253,Turayf,SA,2022-11-10 18:50:25,31.6725,38.6637,61.05,63,40,11.5
254,Lagos,NG,2022-11-10 18:49:11,6.5833,3.75,79.23,85,100,8.14
255,Port Hardy,CA,2022-11-10 18:50:26,50.6996,-127.4199,41.18,75,100,19.57
256,Tandil,AR,2022-11-10 18:50:26,-37.3217,-59.1332,83.64,26,100,10.16
257,Naze,JP,2022-11-10 18:50:27,28.3667,129.4833,72.52,75,0,11.9
258,Vila,PT,2022-11-10 18:50:27,42.0304,-8.1588,49.69,88,7,2.68
259,Itoman,JP,2022-11-10 18:50:28,26.1247,127.6694,73.42,88,100,10.36
260,Atbasar,KZ,2022-11-10 18:50:28,51.8,68.3333,30.02,91,100,12.77
261,Port-Cartier,CA,2022-11-10 18:50:29,50.0334,-66.8654,42.48,73,100,6.96
262,Sandwick,GB,2022-11-10 18:50:30,60.0,-1.25,55.22,88,75,23.02
263,Korem,ET,2022-11-10 18:50:30,12.5058,39.5228,57.6,64,41,5.64
264,Cumpas,MX,2022-11-10 18:50:31,29.9833,-109.7833,71.89,42,73,11.61
265,Charters Towers,AU,2022-11-10 18:50:31,-20.1,146.2667,66.9,79,0,7.52
266,Saint-Philippe,RE,2022-11-10 18:50:32,-21.3585,55.7679,71.19,70,21,7.16
267,Luderitz,NA,2022-11-10 18:50:33,-26.6481,15.1594,60.1,79,2,16.11
268,Bar-Le-Duc,FR,2022-11-10 18:50:34,48.75,5.1667,48.58,88,67,5.08
269,Topeka,US,2022-11-10 18:48:48,39.0483,-95.678,55.22,68,75,19.57
270,Tuatapere,NZ,2022-11-10 18:50:34,-46.1333,167.6833,55.2,66,0,2.28
271,Marawi,PH,2022-11-10 18:50:34,7.9986,124.2928,68.56,89,92,1.86
272,Vestmannaeyjar,IS,2022-11-10 18:50:35,63.4427,-20.2734,45.59,87,40,5.75
273,Honningsvag,NO,2022-11-10 18:51:35,70.9821,25.9704,33.55,86,75,9.22
274,Big Rapids,US,2022-11-10 18:51:35,43.6981,-85.4837,75.27,57,40,12.66
275,Trenggalek,ID,2022-11-10 18:51:36,-8.05,111.7167,75.27,91,99,2.26
276,Yellowknife,CA,2022-11-10 18:51:36,62.456,-114.3525,12.72,79,100,11.5
277,Igrim,RU,2022-11-10 18:51:37,63.1906,64.4162,24.82,93,100,4.65
278,Avera,US,2022-11-10 18:51:37,33.194,-82.5271,62.11,92,100,20.33
279,Pacific Grove,US,2022-11-10 18:46:56,36.6177,-121.9166,58.5,69,0,11.01
280,Zyryanka,RU,2022-11-10 18:51:38,65.75,150.85,-7.4,98,100,6.98
281,Tessalit,ML,2022-11-10 18:51:38,20.1986,1.0114,77.47,12,0,8.01
282,Tobermory,CA,2022-11-10 18:51:39,45.2501,-81.6665,54.41,73,100,25.59
283,Dhidhdhoo,MV,2022-11-10 18:51:40,6.8833,73.1,81.48,71,100,2.91
284,La Asuncion,VE,2022-11-10 18:51:40,11.0333,-63.8628,83.93,84,100,12.66
285,Sinnamary,GF,2022-11-10 18:51:41,5.3833,-52.95,82.36,72,42,8.99
286,Varkaus,FI,2022-11-10 18:51:41,62.3153,27.873,44.31,88,100,7.74
287,Chancay,PE,2022-11-10 18:51:42,-11.5714,-77.2672,67.37,75,14,10.92
288,Klaksvik,FO,2022-11-10 18:51:43,62.2266,-6.589,49.12,82,1,32.03
289,Kabarnet,KE,2022-11-10 18:51:43,0.4919,35.743,62.44,58,100,3.76
290,Tarrafal,CV,2022-11-10 18:51:44,15.2833,-23.7667,81.39,72,100,12.77
291,Ponta Delgada,PT,2022-11-10 18:51:44,37.7333,-25.6667,66.51,88,75,24.16
292,Remanso,BR,2022-11-10 18:51:45,-9.6179,-42.0831,84.76,51,95,7.34
293,Botwood,CA,2022-11-10 18:51:45,49.1499,-55.3482,42.91,78,100,11.56
294,Pisco,PE,2022-11-10 18:51:46,-13.7,-76.2167,71.65,60,0,16.11
295,Port Lincoln,AU,2022-11-10 18:51:46,-34.7333,135.8667,55.9,78,36,3.83
296,Buchanan,LR,2022-11-10 18:51:46,5.8808,-10.0467,78.98,79,16,6.6
297,Sovetskiy,RU,2022-11-10 18:51:47,61.3614,63.5842,17.94,99,90,4.32
298,Yerofey Pavlovich,RU,2022-11-10 18:51:47,53.9667,121.9667,5.54,96,31,3.02
299,Loa Janan,ID,2022-11-10 18:51:48,-0.583,117.095,73.29,98,100,1.66
300,Batangafo,CF,2022-11-10 18:51:48,7.3008,18.2833,76.68,69,100,5.46
301,Odoyev,RU,2022-11-10 18:51:49,53.9393,36.6864,40.68,92,100,11.9
302,Tres Lagoas,BR,2022-11-10 18:48:44,-20.7511,-51.6783,98.51,18,6,5.1
303,Qeshm,IR,2022-11-10 18:51:49,26.9581,56.2719,76.89,66,5,4.63
304,Porirua,NZ,2022-11-10 18:51:49,-41.1333,174.85,55.85,71,97,11.01
305,Tevaitoa,PF,2022-11-10 18:51:50,-16.7833,-151.5,78.82,79,10,11.52
306,Wanning,CN,2022-11-10 18:51:51,18.8003,110.3967,74.91,86,50,6.96
307,Nanakuli,US,2022-11-10 18:51:51,21.3906,-158.1547,77.11,68,0,9.22
308,Garmsar,IR,2022-11-10 18:51:52,35.2182,52.3409,56.32,29,0,4.18
309,Dzhebariki-Khaya,RU,2022-11-10 18:51:52,62.2167,135.8,-7.17,99,100,1.86
310,Muroto,JP,2022-11-10 18:51:53,33.2833,134.15,66.58,70,6,6.67
311,Van,TR,2022-11-10 18:51:53,38.4924,43.3831,42.15,87,75,1.14
312,Nantucket,US,2022-11-10 18:51:53,41.2835,-70.0995,64.54,77,0,20.71
313,Placido De Castro,BR,2022-11-10 18:51:54,-10.3353,-67.1856,96.39,34,100,4.47
314,Campos,BR,2022-11-10 18:51:54,-21.75,-41.3,84.25,61,20,10.36
315,Jizan,SA,2022-11-10 18:51:55,17.3333,42.6667,85.14,63,1,1.12
316,Barra Do Corda,BR,2022-11-10 18:51:55,-5.5,-45.25,87.75,54,100,3.0
317,Suez,EG,2022-11-10 18:51:56,29.9737,32.5263,67.44,58,0,8.34
318,Teguldet,RU,2022-11-10 18:51:56,57.3064,88.1667,27.5,95,100,9.24
319,Hasaki,JP,2022-11-10 18:51:57,35.7333,140.8333,53.22,54,0,17.94
320,Santiago,CL,2022-11-10 18:51:14,-33.4569,-70.6483,78.28,37,75,12.66
321,Ruwi,OM,2022-11-10 18:52:58,23.5996,58.5507,80.8,56,2,5.64
322,Chake Chake,TZ,2022-11-10 18:52:58,-5.2459,39.7666,77.02,86,33,6.89
323,Thompson,CA,2022-11-10 18:52:59,55.7435,-97.8558,1.56,85,40,3.44
324,Ostersund,SE,2022-11-10 18:50:31,63.1792,14.6357,41.45,93,0,14.97
325,Kaltasy,RU,2022-11-10 18:52:59,55.9693,54.8032,35.58,99,100,8.1
326,Saint-Augustin,CA,2022-11-10 18:53:00,51.226,-58.6502,38.34,57,100,7.18
327,Lazaro Cardenas,MX,2022-11-10 18:53:00,17.9583,-102.2,84.43,65,5,8.3
328,Wewak,PG,2022-11-10 18:53:01,-3.5534,143.6268,76.8,91,100,10.29
329,Siverek,TR,2022-11-10 18:53:02,37.755,39.3167,50.18,78,9,9.66
330,Miles City,US,2022-11-10 18:53:03,46.4083,-105.8406,11.37,85,100,16.11
331,Cidreira,BR,2022-11-10 18:53:03,-30.1811,-50.2056,69.49,71,100,8.99
332,Ongandjera,NA,2022-11-10 18:53:04,-17.8833,15.0667,83.3,18,6,1.63
333,Kirkenaer,NO,2022-11-10 18:53:04,60.4564,12.0582,48.04,93,100,12.73
334,Krasnoarmeysk,RU,2022-11-10 18:53:05,51.0239,45.6969,38.55,90,28,8.9
335,Atasu,KZ,2022-11-10 18:49:42,48.6814,71.6433,27.52,87,100,5.68
336,Saint George,US,2022-11-10 18:48:13,37.1041,-113.5841,49.42,56,0,4.0
337,Karlstad,SE,2022-11-10 18:53:06,59.3793,13.5036,50.56,94,100,17.27
338,Amapa,BR,2022-11-10 18:53:06,1.0,-52.0,90.01,40,45,4.72
339,Grindavik,IS,2022-11-10 18:53:07,63.8424,-22.4338,42.75,93,75,9.22
340,Meulaboh,ID,2022-11-10 18:53:08,4.1363,96.1285,76.12,90,100,4.14
341,Nipawin,CA,2022-11-10 18:53:09,53.3668,-104.0009,-3.96,77,0,2.3
342,Bac Ninh,VN,2022-11-10 18:53:09,21.1833,106.05,75.29,90,2,2.98
343,Caravelas,BR,2022-11-10 18:53:09,-17.7125,-39.2481,81.73,68,18,10.13
344,Ibra,OM,2022-11-10 18:53:10,22.6906,58.5334,73.45,56,5,2.53
345,Brownsville,US,2022-11-10 18:53:10,25.9018,-97.4975,86.09,59,0,12.66
346,Santa Maria,BR,2022-11-10 18:53:11,-29.6842,-53.8069,83.5,30,0,10.36
347,Sur,OM,2022-11-10 18:51:53,22.5667,59.5289,78.03,74,5,3.04
348,Bengkulu,ID,2022-11-10 18:53:11,-3.8004,102.2655,74.55,90,30,3.51
349,Bati,ET,2022-11-10 18:53:12,11.1833,40.0167,62.65,79,48,5.35
350,Kambarka,RU,2022-11-10 18:53:12,56.2694,54.2062,37.24,99,100,6.69
351,Nioro,GM,2022-11-10 18:53:13,13.35,-15.75,82.99,30,92,2.17
352,Faya,SA,2022-11-10 18:53:14,18.3851,42.4509,62.71,58,12,3.51
353,Novosokolniki,RU,2022-11-10 18:53:14,56.3463,30.1578,45.07,97,100,5.06
354,Chapais,CA,2022-11-10 18:51:43,49.7834,-74.8492,37.18,99,100,4.79
355,Mirnyy,RU,2022-11-10 18:53:15,62.5353,113.9611,17.24,67,100,11.01
356,Ulaangom,MN,2022-11-10 18:53:15,49.9811,92.0667,16.79,71,6,0.85
357,Esperance,AU,2022-11-10 18:53:16,-33.8667,121.9,58.84,86,100,13.44
358,Batesville,US,2022-11-10 18:52:02,35.7698,-91.641,75.07,47,0,8.05
359,Sitka,US,2022-11-10 18:53:16,57.0531,-135.33,34.38,93,100,8.01
360,Bayshore Gardens,US,2022-11-10 18:53:17,27.4253,-82.5904,72.14,80,100,27.38
361,Upernavik,GL,2022-11-10 18:53:17,72.7868,-56.1549,10.56,87,100,1.21
362,Arraial Do Cabo,BR,2022-11-10 18:53:18,-22.9661,-42.0278,82.36,65,0,10.36
363,Shiliguri,IN,2022-11-10 18:53:18,26.7,88.4333,67.28,76,0,4.7
364,Kloulklubed,PW,2022-11-10 18:53:19,7.0419,134.2556,84.18,74,100,10.71
365,Sechura,PE,2022-11-10 18:53:19,-5.5569,-80.8222,77.49,53,29,15.77
366,Kolyvan,RU,2022-11-10 18:53:20,55.3053,82.7391,28.02,96,100,13.0
367,Dapaong,TG,2022-11-10 18:53:21,10.8639,0.205,84.61,24,100,1.83
368,Rocha,UY,2022-11-10 18:54:21,-34.4833,-54.3333,75.65,47,100,12.46
369,Korla,CN,2022-11-10 18:50:28,41.7597,86.1469,38.82,67,7,6.44
370,Eirunepe,BR,2022-11-10 18:54:22,-6.6603,-69.8736,97.18,35,87,3.74
371,Zhangjiakou,CN,2022-11-10 18:54:22,40.81,114.8794,44.76,77,100,3.85
372,Leningradskiy,RU,2022-11-10 18:54:23,69.3833,178.4167,-1.66,88,100,3.09
373,Bambanglipuro,ID,2022-11-10 18:54:24,-7.95,110.2833,76.86,87,98,4.5
374,Bathsheba,BB,2022-11-10 18:53:10,13.2167,-59.5167,84.81,74,40,11.5
375,Havre-Saint-Pierre,CA,2022-11-10 18:51:08,50.2334,-63.5986,39.56,70,100,12.66
376,San Cristobal,VE,2022-11-10 18:54:24,7.7669,-72.225,77.18,51,82,1.79
377,Seydi,TM,2022-11-10 18:54:25,39.4816,62.9137,44.22,50,13,6.71
378,Itambacuri,BR,2022-11-10 18:52:10,-18.0311,-41.685,86.32,50,92,5.5
379,Pangoa,PE,2022-11-10 18:54:26,-12.1167,-73.0,80.53,76,100,1.61
380,Varnavino,RU,2022-11-10 18:54:26,57.4035,45.0916,45.1,91,100,10.11
381,Beidao,CN,2022-11-10 18:54:27,34.5686,105.8933,54.82,91,100,2.82
382,Mackay,AU,2022-11-10 18:54:27,-21.15,149.2,66.69,70,15,9.01
383,Clyde River,CA,2022-11-10 18:54:27,70.4692,-68.5914,-3.77,65,20,17.27
384,Beringovskiy,RU,2022-11-10 18:51:57,63.05,179.3167,10.67,83,17,6.2
385,Devrek,TR,2022-11-10 18:54:28,41.2192,31.9558,47.08,75,0,3.51
386,Moryakovskiy Zaton,RU,2022-11-10 18:54:28,56.6956,84.6467,29.28,95,100,8.95
387,Zelenets,RU,2022-11-10 18:54:29,61.8849,50.7489,39.45,100,100,2.53
388,Vegreville,CA,2022-11-10 18:54:29,53.5001,-112.0518,3.51,66,51,10.36
389,Marsa Matruh,EG,2022-11-10 18:54:29,31.3525,27.2453,70.0,60,40,16.11
390,Zhuhai,CN,2022-11-10 18:54:30,22.2769,113.5678,76.78,88,40,5.75
391,Cuamba,MZ,2022-11-10 18:54:30,-14.8031,36.5372,74.66,62,79,0.72
392,Eureka,US,2022-11-10 18:52:33,40.8021,-124.1637,55.2,92,80,1.01
393,Hammerfest,NO,2022-11-10 18:54:31,70.6634,23.6821,32.45,80,75,6.91
394,Victor Harbor,AU,2022-11-10 18:54:32,-35.5667,138.6167,58.68,90,83,3.49
395,Mahanje,TZ,2022-11-10 18:54:32,-9.9333,35.3333,70.36,68,46,5.3
396,Eskisehir,TR,2022-11-10 18:52:23,39.7767,30.5206,45.55,37,0,2.17
397,Bamnet Narong,TH,2022-11-10 18:54:33,15.4992,101.6897,73.0,77,100,6.44
398,Tateyama,JP,2022-11-10 18:54:34,34.9833,139.8667,61.79,70,0,13.56
399,Nizhniy Kuranakh,RU,2022-11-10 18:54:35,58.8353,125.4869,17.47,84,100,10.49
400,Turbat,PK,2022-11-10 18:54:35,26.0023,63.044,80.31,57,0,3.98
401,Qui Nhon,VN,2022-11-10 18:54:36,13.7667,109.2333,74.95,93,51,8.1
402,Bac Lieu,VN,2022-11-10 18:54:36,9.285,105.7244,79.18,87,100,11.16
403,Sola,VU,2022-11-10 18:54:14,-13.8833,167.55,80.82,80,87,15.5
404,Naron,ES,2022-11-10 18:54:37,43.5167,-8.1528,64.02,87,13,4.7
405,Aklavik,CA,2022-11-10 18:54:38,68.2191,-135.0107,10.4,92,75,2.3
406,Kamen-Na-Obi,RU,2022-11-10 18:54:39,53.7884,81.3423,28.4,95,100,13.53
407,Sao Filipe,CV,2022-11-10 18:53:21,14.8961,-24.4956,78.13,70,95,10.56
408,Corner Brook,CA,2022-11-10 18:54:39,48.9667,-57.9484,39.36,81,100,12.84
409,Nurota,UZ,2022-11-10 18:54:40,40.5614,65.6886,40.84,58,3,3.65
410,Texarkana,US,2022-11-10 18:54:40,33.4251,-94.0477,75.24,62,0,4.0
411,Chepareria,KE,2022-11-10 18:54:41,1.3077,35.2039,65.7,69,94,2.75
412,Ancud,CL,2022-11-10 18:54:42,-41.8697,-73.8203,55.33,83,100,12.86
413,Saint-Pierre,RE,2022-11-10 18:54:42,-21.3393,55.4781,71.28,73,0,4.61
414,Lasa,IT,2022-11-10 18:54:43,46.6166,10.7002,49.08,62,10,1.97
415,Puerto Del Rosario,ES,2022-11-10 18:54:44,28.5004,-13.8627,71.35,83,20,11.5
416,Westerland,DE,2022-11-10 18:55:44,54.9079,8.3033,57.22,88,100,19.57
417,Ndele,CF,2022-11-10 18:55:45,8.4109,20.6473,78.31,32,74,2.28
418,Bubaque,GW,2022-11-10 18:55:45,11.2833,-15.8333,83.39,66,4,10.04
419,Tacoronte,ES,2022-11-10 18:55:45,28.4769,-16.4102,67.8,85,40,8.05
420,Maningrida,AU,2022-11-10 18:55:46,-12.0667,134.2667,78.8,81,85,4.79
421,Steinbach,DE,2022-11-10 18:55:46,50.1667,8.5667,49.78,85,0,4.61
422,Moctezuma,MX,2022-11-10 18:55:46,29.8,-109.6667,73.35,43,72,9.55
423,Borova,UA,2022-11-10 18:55:47,50.1763,30.1043,47.34,83,100,8.23
424,Santa Lucia,ES,2022-11-10 18:51:42,27.9117,-15.5407,65.77,78,20,11.5
425,Chuka,KE,2022-11-10 18:55:47,-0.3332,37.6459,62.71,90,100,3.67
426,Kuruman,ZA,2022-11-10 18:55:48,-27.4524,23.4325,65.98,37,100,15.37
427,Necochea,AR,2022-11-10 18:55:48,-38.5473,-58.7368,78.24,39,100,4.47
428,Mahebourg,MU,2022-11-10 18:55:48,-20.4081,57.7,74.25,78,40,3.44
429,Maine-Soroa,NE,2022-11-10 18:55:49,13.2114,12.0241,80.42,19,18,9.73
430,Adre,TD,2022-11-10 18:55:49,13.4667,22.2,75.69,20,0,8.75
431,Jilin,CN,2022-11-10 18:55:50,43.0,126.0,42.03,91,11,3.33
432,Komsomolskiy,UZ,2022-11-10 18:55:50,40.4272,71.7189,36.32,87,92,6.91
433,San Francisco De Macoris,DO,2022-11-10 18:55:50,19.2952,-70.2554,90.28,55,16,10.36
434,Centralina,BR,2022-11-10 18:55:51,-18.5839,-49.1994,94.8,26,65,8.05
435,Timra,SE,2022-11-10 18:55:52,62.487,17.3257,37.67,100,100,3.44
436,Kyabe,TD,2022-11-10 18:55:52,9.4515,18.9449,82.13,26,49,3.38
437,Yen Bai,VN,2022-11-10 18:55:53,21.7,104.8667,71.58,86,89,1.07
438,Cacapava,BR,2022-11-10 18:55:54,-23.1008,-45.7069,85.08,44,36,6.04
439,Fort Nelson,CA,2022-11-10 18:55:54,58.8053,-122.7002,8.94,75,20,4.61
440,Vasterhaninge,SE,2022-11-10 18:55:54,59.1167,18.1,48.04,91,100,14.07
441,Nador,MA,2022-11-10 18:52:19,35.174,-2.9287,68.25,77,75,6.91
442,Mitu,CO,2022-11-10 18:55:55,1.1983,-70.1733,89.33,49,93,4.09
443,Rosetta,EG,2022-11-10 18:55:55,31.4044,30.4164,69.6,62,1,12.8
444,Riviere-Au-Renard,CA,2022-11-10 18:55:55,48.9957,-64.3971,46.69,78,100,6.17
445,Shache,CN,2022-11-10 18:55:56,38.4167,77.2406,41.13,39,0,5.23
446,Dharchula,IN,2022-11-10 18:55:56,29.85,80.5333,50.79,58,0,8.19
447,Soe,ID,2022-11-10 18:55:57,-9.8607,124.284,67.91,96,37,0.83
448,Vuktyl,RU,2022-11-10 18:55:57,63.8567,57.3094,31.75,98,100,10.58
449,Bandarbeyla,SO,2022-11-10 18:55:58,9.4942,50.8122,80.26,69,1,13.89
450,Strezhevoy,RU,2022-11-10 18:55:59,60.7333,77.5889,26.55,93,100,0.36
451,Temba,ZA,2022-11-10 18:55:59,-25.3803,28.2631,73.11,55,91,17.09
452,Yerbogachen,RU,2022-11-10 18:56:00,61.2767,108.0108,16.14,91,100,9.64
453,Nuuk,GL,2022-11-10 18:51:15,64.1835,-51.7216,16.88,72,100,8.01
454,Kununurra,AU,2022-11-10 18:56:00,-15.7667,128.7333,80.58,83,36,4.61
455,Goderich,CA,2022-11-10 18:56:01,43.7501,-81.7165,66.9,39,100,18.41
456,Makakilo City,US,2022-11-10 18:56:02,21.3469,-158.0858,75.69,82,9,13.6
457,Monrovia,LR,2022-11-10 18:56:03,6.3005,-10.7969,79.11,81,62,6.51
458,San Juan,AR,2022-11-10 18:56:03,-31.5375,-68.5364,83.03,28,88,10.6
459,Lac Du Bonnet,CA,2022-11-10 18:56:04,50.2536,-96.0612,25.59,57,100,13.27
460,Warren,US,2022-11-10 18:55:13,39.4334,-84.1666,72.37,38,80,1.99
461,Codrington,AU,2022-11-10 18:56:04,-38.2667,141.9667,56.35,95,97,5.01
462,Zaraza,VE,2022-11-10 18:56:05,9.3503,-65.3245,85.46,70,100,2.86
463,Pravia,ES,2022-11-10 18:56:06,43.4906,-6.1508,57.47,94,0,1.14
464,Lompoc,US,2022-11-10 18:56:06,34.6391,-120.4579,63.01,56,0,1.99
465,Vila Velha,BR,2022-11-10 18:57:07,-20.3297,-40.2925,85.95,79,0,16.11
466,Nanortalik,GL,2022-11-10 18:57:08,60.1432,-45.2371,28.98,75,100,12.75
467,Champua,IN,2022-11-10 18:57:08,22.0833,85.6667,65.75,64,3,2.51
468,Roma,US,2022-11-10 18:54:31,43.2128,-75.4557,69.82,34,1,3.0
469,Brigantine,US,2022-11-10 18:57:09,39.4101,-74.3646,72.03,79,0,3.0
470,Mitsamiouli,KM,2022-11-10 18:57:09,-11.3847,43.2844,77.63,80,2,11.81
471,Monterey,US,2022-11-10 18:57:10,36.2505,-121.2516,49.17,50,0,3.87
472,Jos,NG,2022-11-10 18:57:10,9.9167,8.9,70.5,33,23,3.69
473,Tomohon,ID,2022-11-10 18:57:10,1.3346,124.8392,67.1,90,100,1.21
474,Salinopolis,BR,2022-11-10 18:57:11,-0.6136,-47.3561,84.25,65,11,10.11
475,Gunjur,GM,2022-11-10 18:57:12,13.2019,-16.7339,84.27,74,20,4.61
476,Khani,GE,2022-11-10 18:57:12,41.9563,42.9566,44.17,79,100,2.98
477,Bonavista,CA,2022-11-10 18:57:13,48.6499,-53.1147,43.11,73,100,23.73
478,Nedjo,ET,2022-11-10 18:57:13,9.5046,35.5019,57.51,88,94,1.36
479,Souillac,MU,2022-11-10 18:57:14,-20.5167,57.5167,73.78,78,40,3.44
480,Changying,CN,2022-11-10 18:57:14,52.8733,123.3213,14.49,87,100,2.08
481,Kenai,US,2022-11-10 18:57:15,60.5544,-151.2583,33.15,100,100,0.0
482,Cooma,AU,2022-11-10 18:57:16,-36.2333,149.1333,48.79,92,100,3.56
483,Inuvik,CA,2022-11-10 18:57:17,68.3499,-133.7218,16.81,82,40,5.75
484,Shima,CN,2022-11-10 18:57:17,24.4478,117.8111,71.62,92,5,2.84
485,Matara,LK,2022-11-10 18:57:18,5.9485,80.5353,76.75,89,100,4.18
486,Tecolutla,MX,2022-11-10 18:57:07,20.4833,-97.0167,80.94,68,6,8.28
487,Tyukhtet,RU,2022-11-10 18:57:18,56.5389,89.3011,27.41,89,100,10.96
488,Bethel,US,2022-11-10 18:55:15,41.3712,-73.414,67.64,60,0,11.99
489,Omboue,GA,2022-11-10 18:57:19,-1.5746,9.2618,74.37,90,100,2.89
490,Palmer,US,2022-11-10 18:57:20,42.1584,-72.3287,68.65,50,64,8.01
491,Camapua,BR,2022-11-10 18:57:20,-19.5314,-54.0439,99.28,18,84,7.43
492,Westport,US,2022-11-10 18:52:25,41.1415,-73.3579,67.62,61,0,11.01
493,Puerto Madryn,AR,2022-11-10 18:57:21,-42.7692,-65.0385,57.79,79,100,24.38
494,Snasa,NO,2022-11-10 18:57:21,64.2457,12.3778,42.21,99,100,5.26
495,Kaeo,NZ,2022-11-10 18:57:22,-35.1,173.7833,63.32,97,100,4.85
496,Zhezkazgan,KZ,2022-11-10 18:57:22,47.8043,67.7144,27.82,83,29,1.72
497,Cassilandia,BR,2022-11-10 18:57:23,-19.1133,-51.7342,97.86,20,88,7.63
498,Emilio Carranza,MX,2022-11-10 18:57:24,19.9711,-96.6114,81.0,68,8,8.34
499,Mayor Pablo Lagerenza,PY,2022-11-10 18:57:24,-19.9309,-60.7718,102.78,20,99,10.94
500,Bull Savanna,JM,2022-11-10 18:57:24,17.8868,-77.5902,81.39,67,16,8.99
501,Coahuayana,MX,2022-11-10 18:57:25,18.7333,-103.6833,87.8,61,20,5.26
502,Lavrentiya,RU,2022-11-10 18:57:25,65.5833,-171.0,21.25,95,100,5.14
503,Krasnoselkup,RU,2022-11-10 18:57:26,65.7,82.4667,-1.61,91,100,7.58
504,Port Blair,IN,2022-11-10 18:57:26,11.6667,92.75,78.84,83,40,2.3
505,Alta Floresta,BR,2022-11-10 18:58:27,-9.8756,-56.0861,94.82,52,40,4.61
506,Saint-Louis,SN,2022-11-10 18:58:27,16.3333,-15.0,94.64,12,58,6.51
507,Riyadh,SA,2022-11-10 18:54:35,24.6877,46.7219,78.94,20,19,9.69
508,Fort Myers Beach,US,2022-11-10 18:58:28,26.452,-81.9481,78.03,89,75,14.97
509,Ulcinj,ME,2022-11-10 18:58:24,41.9294,19.2244,55.98,71,100,5.97
510,Severo-Yeniseyskiy,RU,2022-11-10 18:58:28,60.3725,93.0408,16.29,97,99,3.15
511,Puerto Castilla,HN,2022-11-10 18:58:28,16.0167,-85.9667,84.15,70,40,3.44
512,Alofi,NU,2022-11-10 18:54:08,-19.0595,-169.9187,76.89,83,100,12.66
513,Caala,AO,2022-11-10 18:58:29,-12.8525,15.5606,64.62,70,100,2.77
514,Esmeraldas,BR,2022-11-10 18:58:30,-19.7625,-44.3139,89.71,40,55,5.19
515,Uvat,RU,2022-11-10 18:58:30,59.1433,68.8953,28.74,97,100,3.2
516,Otane,NZ,2022-11-10 18:58:30,-39.8833,176.6333,57.0,80,100,8.25
517,Basco,PH,2022-11-10 18:58:31,20.4487,121.9702,80.29,85,20,15.82
518,Kuybyshevo,RU,2022-11-10 18:58:31,47.8123,38.9073,43.57,86,100,5.84
519,Black River,JM,2022-11-10 18:58:32,18.0264,-77.8487,84.2,67,12,9.95
520,Rio Gallegos,AR,2022-11-10 18:58:33,-51.6226,-69.2181,59.05,36,40,18.41
521,Ellensburg,US,2022-11-10 18:58:33,46.9965,-120.5479,42.46,67,6,1.99
522,Ramgarh,IN,2022-11-10 18:58:34,23.6333,85.5167,68.05,61,0,4.43
523,Ligayan,PH,2022-11-10 18:58:34,4.6533,119.4706,82.15,77,99,3.98
524,Luce,FR,2022-11-10 18:58:35,48.4369,1.4636,49.87,95,88,4.0
525,Zabid,YE,2022-11-10 18:58:35,14.1951,43.3152,81.59,66,6,8.93
526,Andilamena,MG,2022-11-10 18:58:35,-17.0167,48.5833,61.43,90,18,3.18
527,Buin,CL,2022-11-10 18:58:36,-33.7333,-70.75,77.43,29,100,5.61
528,Srednekolymsk,RU,2022-11-10 18:58:36,67.45,153.6833,-4.88,100,100,2.57
529,Groningen,NL,2022-11-10 18:58:37,53.25,6.75,57.04,82,100,16.11
530,Scarborough,GB,2022-11-10 18:58:37,54.2797,-0.4044,58.66,84,100,17.0
531,Laurel,US,2022-11-10 18:54:00,39.0993,-76.8483,71.64,61,0,5.75
532,Jiaonan,CN,2022-11-10 18:58:38,35.8786,119.9753,61.88,96,97,7.4
533,Shorewood,US,2022-11-10 18:55:10,41.52,-88.2017,76.62,39,0,23.02
534,Ekhabi,RU,2022-11-10 18:58:38,53.5102,142.9671,24.78,64,100,16.13
535,Lengshuitan,CN,2022-11-10 18:58:39,26.4111,111.5956,73.0,57,12,2.73
536,Sam Chuk,TH,2022-11-10 18:58:39,14.7576,100.0899,72.34,85,100,6.85
537,Bairiki,KI,2022-11-10 18:58:40,1.3292,172.9752,80.6,78,20,13.8
538,Eydhafushi,MV,2022-11-10 18:58:40,5.1033,73.0708,81.36,69,97,0.47
539,Myitkyina,MM,2022-11-10 18:58:41,25.3833,97.4,62.19,83,0,2.19
540,Colares,PT,2022-11-10 18:58:41,38.7992,-9.4469,65.79,83,20,7.0
541,Parana,AR,2022-11-10 18:58:41,-31.732,-60.5238,85.33,30,100,7.49
542,Goure,NE,2022-11-10 18:58:42,13.9835,10.2704,78.53,18,0,10.0
543,Fomboni,KM,2022-11-10 18:58:43,-12.28,43.7425,78.66,77,4,16.04
544,College,US,2022-11-10 18:58:43,64.8569,-147.8028,19.58,90,100,4.61
545,Nanning,CN,2022-11-10 18:54:01,22.8167,108.3167,68.45,90,0,6.38
546,Ugoofaaru,MV,2022-11-10 18:55:30,5.6667,73.0,81.61,69,100,2.04
547,Petropavlovsk-Kamchatskiy,RU,2022-11-10 18:58:44,53.0452,158.6483,28.99,100,100,6.71
548,Lhokseumawe,ID,2022-11-10 18:58:45,5.1801,97.1507,75.72,90,100,2.06
549,Panaba,MX,2022-11-10 18:58:45,21.2833,-88.2667,85.23,50,88,8.43
550,Plettenberg Bay,ZA,2022-11-10 18:58:45,-34.0527,23.3716,60.98,78,2,13.62
551,Vicuna,CL,2022-11-10 18:58:46,-30.0319,-70.7081,58.73,36,100,10.49
552,Isla Mujeres,MX,2022-11-10 18:58:46,21.2311,-86.731,86.16,62,1,9.64
553,Kalaleh,IR,2022-11-10 18:59:46,37.3807,55.4916,47.8,81,0,4.61
554,Narragansett,US,2022-11-10 18:59:47,41.4501,-71.4495,69.42,71,0,8.99
555,Betare Oya,CM,2022-11-10 18:59:48,5.6,14.0833,74.35,74,97,3.56
556,Lucea,JM,2022-11-10 18:59:48,18.451,-78.1736,85.86,63,20,5.79
557,Haverfordwest,GB,2022-11-10 18:58:45,51.8017,-4.9691,57.06,88,100,11.01
558,Zhanaozen,KZ,2022-11-10 18:59:49,43.3,52.8,41.58,61,100,9.78
559,Dryden,CA,2022-11-10 18:59:50,49.7833,-92.7503,23.29,80,100,18.41
560,Port Macquarie,AU,2022-11-10 18:55:04,-31.4333,152.9167,51.89,82,6,5.66
561,Buala,SB,2022-11-10 18:59:51,-8.145,159.5921,78.8,88,100,10.25
562,Toamasina,MG,2022-11-10 18:59:51,-18.1667,49.3833,71.6,88,40,2.3
563,Olds,CA,2022-11-10 18:59:52,51.7834,-114.102,22.84,100,4,3.44
564,Taganak,PH,2022-11-10 18:59:52,6.0833,118.3,80.74,76,100,2.93
565,Evensk,RU,2022-11-10 18:59:52,61.95,159.2333,8.55,78,100,16.37
566,Barra Do Garcas,BR,2022-11-10 18:55:54,-15.89,-52.2567,88.38,51,75,2.3
567,Seddon,AU,2022-11-10 18:59:53,-37.8068,144.8916,65.75,86,40,10.36
568,Lebanon,US,2022-11-10 18:59:53,36.2081,-86.2911,77.16,48,0,5.75
569,Masterton,NZ,2022-11-10 18:59:54,-40.9597,175.6575,53.78,73,96,9.57
570,Panjab,AF,2022-11-10 18:59:54,34.388,67.0233,26.2,80,47,1.81
